{"resourceType":"CodeSystem","id":"BRJustificativaIndividuoNaoIdentificado","language":"pt-BR","text":{"status":"generated","div":"<div xmlns=\"http://www.w3.org/1999/xhtml\" xml:lang=\"pt-BR\" lang=\"pt-BR\"><p class=\"res-header-id\"><b>Generated Narrative: CodeSystem BRJustificativaIndividuoNaoIdentificado</b></p><a name=\"BRJustificativaIndividuoNaoIdentificado\"> </a><a name=\"hcBRJustificativaIndividuoNaoIdentificado\"> </a><a name=\"BRJustificativaIndividuoNaoIdentificado-und\"> </a><div style=\"display: inline-block; background-color: #d9e0e7; padding: 6px; margin: 4px; border: 1px solid #8da1b4; border-radius: 5px; line-height: 60%\"><p style=\"margin-bottom: 0px\">Language: pt-BR</p></div><p>This case-sensitive code system <code>http://www.saude.gov.br/fhir/r4/CodeSystem/BRJustificativaIndividuoNaoIdentificado</code> defines the following codes:</p><table class=\"codes\"><tr><td style=\"white-space:nowrap\"><b>Code</b></td><td><b>Display</b></td></tr><tr><td style=\"white-space:nowrap\">01<a name=\"BRJustificativaIndividuoNaoIdentificado-01\"> </a></td><td>Indivíduo acidentado grave</td></tr><tr><td style=\"white-space:nowrap\">02<a name=\"BRJustificativaIndividuoNaoIdentificado-02\"> </a></td><td>Indivíduo em sofrimento mental encontrado em via pública</td></tr><tr><td style=\"white-space:nowrap\">03<a name=\"BRJustificativaIndividuoNaoIdentificado-03\"> </a></td><td>Indivíduo com problema neurológico grave ou comatoso</td></tr><tr><td style=\"white-space:nowrap\">04<a name=\"BRJustificativaIndividuoNaoIdentificado-04\"> </a></td><td>Indivíduo incapacitado por motivos sociais e/ou culturais</td></tr><tr><td style=\"white-space:nowrap\">05<a name=\"BRJustificativaIndividuoNaoIdentificado-05\"> </a></td><td>Indivíduo doador de órgãos falecido</td></tr><tr><td style=\"white-space:nowrap\">99<a name=\"BRJustificativaIndividuoNaoIdentificado-99\"> </a></td><td>Sem registro no modelo de informação de origem</td></tr></table></div>"},"extension":[{"url":"http://hl7.org/fhir/StructureDefinition/structuredefinition-fmm","valueInteger":1,"_valueInteger":{"extension":[{"url":"http://hl7.org/fhir/StructureDefinition/structuredefinition-conformance-derivedFrom","valueCanonical":"http://www.saude.gov.br/fhir/r4/ImplementationGuide/br.gov.saude.rira.fhir"}]}},{"url":"http://hl7.org/fhir/StructureDefinition/structuredefinition-standards-status","valueCode":"informative","_valueCode":{"extension":[{"url":"http://hl7.org/fhir/StructureDefinition/structuredefinition-conformance-derivedFrom","valueCanonical":"http://www.saude.gov.br/fhir/r4/ImplementationGuide/br.gov.saude.rira.fhir"}]}}],"url":"http://www.saude.gov.br/fhir/r4/CodeSystem/BRJustificativaIndividuoNaoIdentificado","version":"1.0.0","name":"BRJustificativaIndividuoNaoIdentificado","title":"Justificativa da Impossibilidade de Identificação do Indivíduo","status":"active","experimental":false,"date":"2020-03-11T18:15:25.4061393+00:00","publisher":"Ministério da Saúde do Brasil","contact":[{"telecom":[{"system":"url","value":"http://www.saude.gov.br"}]}],"description":"Classifica as razões pelo qual não foi possível obter os dados de identificação do indivíduo em um contato assistencial. (Port. nº 84/SAS/MS/1997 e Port. nº02/SAS/SGEP/MS/2012)","jurisdiction":[{"coding":[{"system":"urn:iso:std:iso:3166","code":"BR"}]}],"caseSensitive":true,"content":"complete","concept":[{"code":"01","display":"Indivíduo acidentado grave","designation":[{"language":"pt-BR","use":{"system":"http://terminology.hl7.org/CodeSystem/designation-usage","code":"display"},"value":"Indivíduo acidentado grave"}]},{"code":"02","display":"Indivíduo em sofrimento mental encontrado em via pública","designation":[{"language":"pt-BR","use":{"system":"http://terminology.hl7.org/CodeSystem/designation-usage","code":"display"},"value":"Indivíduo em sofrimento mental encontrado em via pública"}]},{"code":"03","display":"Indivíduo com problema neurológico grave ou comatoso","designation":[{"language":"pt-BR","use":{"system":"http://terminology.hl7.org/CodeSystem/designation-usage","code":"display"},"value":"Indivíduo com problema neurológico grave ou comatoso"}]},{"code":"04","display":"Indivíduo incapacitado por motivos sociais e/ou culturais","designation":[{"language":"pt-BR","use":{"system":"http://terminology.hl7.org/CodeSystem/designation-usage","code":"display"},"value":"Indivíduo incapacitado por motivos sociais e/ou culturais"}]},{"code":"05","display":"Indivíduo doador de órgãos falecido","designation":[{"language":"pt-BR","use":{"system":"http://terminology.hl7.org/CodeSystem/designation-usage","code":"display"},"value":"Indivíduo doador de órgãos falecido"}]},{"code":"99","display":"Sem registro no modelo de informação de origem","designation":[{"language":"pt-BR","use":{"system":"http://terminology.hl7.org/CodeSystem/designation-usage","code":"display"},"value":"Sem registro no modelo de informação de origem"}]}]}