{"resourceType":"ValueSet","id":"BRModalidadeAssistencialMIRA","language":"pt-BR","text":{"status":"generated","div":"<div xmlns=\"http://www.w3.org/1999/xhtml\" xml:lang=\"pt-BR\" lang=\"pt-BR\"><p class=\"res-header-id\"><b>Generated Narrative: ValueSet BRModalidadeAssistencialMIRA</b></p><a name=\"BRModalidadeAssistencialMIRA\"> </a><a name=\"hcBRModalidadeAssistencialMIRA\"> </a><a name=\"BRModalidadeAssistencialMIRA-und\"> </a><div style=\"display: inline-block; background-color: #d9e0e7; padding: 6px; margin: 4px; border: 1px solid #8da1b4; border-radius: 5px; line-height: 60%\"><p style=\"margin-bottom: 0px\">Language: pt-BR</p></div><ul><li>Include these codes as defined in <a href=\"CodeSystem-BRModalidadeAssistencial.html\"><code>http://www.saude.gov.br/fhir/r4/CodeSystem/BRModalidadeAssistencial</code></a> version <code>*</code><table class=\"none\"><tr><td style=\"white-space:nowrap\"><b>Code</b></td><td><b>Display</b></td></tr><tr><td><a href=\"CodeSystem-BRModalidadeAssistencial.html#BRModalidadeAssistencial-04\">04</a></td><td>Atenção Hospitalar</td></tr><tr><td><a href=\"CodeSystem-BRModalidadeAssistencial.html#BRModalidadeAssistencial-09\">09</a></td><td>Assistência Ambulatorial</td></tr></table></li></ul></div>"},"extension":[{"url":"http://hl7.org/fhir/StructureDefinition/structuredefinition-fmm","valueInteger":1,"_valueInteger":{"extension":[{"url":"http://hl7.org/fhir/StructureDefinition/structuredefinition-conformance-derivedFrom","valueCanonical":"http://www.saude.gov.br/fhir/r4/ImplementationGuide/br.gov.saude.rira.fhir"}]}},{"url":"http://hl7.org/fhir/StructureDefinition/structuredefinition-standards-status","valueCode":"informative","_valueCode":{"extension":[{"url":"http://hl7.org/fhir/StructureDefinition/structuredefinition-conformance-derivedFrom","valueCanonical":"http://www.saude.gov.br/fhir/r4/ImplementationGuide/br.gov.saude.rira.fhir"}]}}],"url":"http://www.saude.gov.br/fhir/r4/ValueSet/BRModalidadeAssistencialMIRA","version":"1.0.0","name":"BRModalidadeAssistencialMIRA","title":"Modalidade Assistencial MIRA","status":"active","experimental":false,"date":"2023-04-13T13:17:18.5012669+00:00","publisher":"Ministério da Saúde do Brasil","contact":[{"name":"Ministério da Saúde do Brasil","telecom":[{"system":"url","value":"http://www.saude.gov.br"}]}],"description":"Modalidade assistencial que gerou a solicitação do procedimento.","jurisdiction":[{"coding":[{"system":"urn:iso:std:iso:3166","code":"BR"}]}],"immutable":false,"compose":{"include":[{"system":"http://www.saude.gov.br/fhir/r4/CodeSystem/BRModalidadeAssistencial","version":"*","concept":[{"code":"04","display":"Atenção Hospitalar"},{"code":"09","display":"Assistência Ambulatorial"}]}]}}