{"resourceType":"ValueSet","id":"BRStatusAgendamentoRegulacaoAssistencial","language":"en","text":{"status":"extensions","div":"<div xmlns=\"http://www.w3.org/1999/xhtml\" xml:lang=\"en\" lang=\"en\"><p class=\"res-header-id\"><b>Generated Narrative: ValueSet BRStatusAgendamentoRegulacaoAssistencial</b></p><a name=\"BRStatusAgendamentoRegulacaoAssistencial\"> </a><a name=\"hcBRStatusAgendamentoRegulacaoAssistencial\"> </a><a name=\"BRStatusAgendamentoRegulacaoAssistencial-und\"> </a><div style=\"display: inline-block; background-color: #d9e0e7; padding: 6px; margin: 4px; border: 1px solid #8da1b4; border-radius: 5px; line-height: 60%\"><p style=\"margin-bottom: 0px\">Language: en</p></div><p>This value set includes codes based on the following rules:</p><ul><li>Include these codes as defined in <a href=\"http://hl7.org/fhir/R4/codesystem-appointmentstatus.html\"><code>http://hl7.org/fhir/appointmentstatus</code></a> version <code>*</code><table class=\"none\"><tr><td style=\"white-space:nowrap\"><b>Code</b></td><td><b>Display</b></td><td><b>Definition</b></td><td><b>Portuguese (Brazil) (pt)</b></td></tr><tr><td><a href=\"http://hl7.org/fhir/R4/codesystem-appointmentstatus.html#appointmentstatus-proposed\">proposed</a></td><td>Proposed</td><td>None of the participant(s) have finalized their acceptance of the appointment request, and the start/end time might not be set yet.</td><td>Solicitado</td></tr><tr><td><a href=\"http://hl7.org/fhir/R4/codesystem-appointmentstatus.html#appointmentstatus-pending\">pending</a></td><td>Pending</td><td>Some or all of the participant(s) have not finalized their acceptance of the appointment request.</td><td>Pendente</td></tr><tr><td><a href=\"http://hl7.org/fhir/R4/codesystem-appointmentstatus.html#appointmentstatus-booked\">booked</a></td><td>Booked</td><td>All participant(s) have been considered and the appointment is confirmed to go ahead at the date/times specified.</td><td>Agendado</td></tr><tr><td><a href=\"http://hl7.org/fhir/R4/codesystem-appointmentstatus.html#appointmentstatus-arrived\">arrived</a></td><td>Arrived</td><td>The patient/patients has/have arrived and is/are waiting to be seen.</td><td>Recebido</td></tr><tr><td><a href=\"http://hl7.org/fhir/R4/codesystem-appointmentstatus.html#appointmentstatus-fulfilled\">fulfilled</a></td><td>Fulfilled</td><td>The planning stages of the appointment are now complete, the encounter resource will exist and will track further status changes. Note that an encounter may exist before the appointment status is fulfilled for many reasons.</td><td>Atendido/Internado</td></tr><tr><td><a href=\"http://hl7.org/fhir/R4/codesystem-appointmentstatus.html#appointmentstatus-cancelled\">cancelled</a></td><td>Cancelled</td><td>The appointment has been cancelled.</td><td>Negado/Cancelado</td></tr><tr><td><a href=\"http://hl7.org/fhir/R4/codesystem-appointmentstatus.html#appointmentstatus-noshow\">noshow</a></td><td>No Show</td><td>Some or all of the participant(s) have not/did not appear for the appointment (usually the patient).</td><td>Falta</td></tr><tr><td><a href=\"http://hl7.org/fhir/R4/codesystem-appointmentstatus.html#appointmentstatus-entered-in-error\">entered-in-error</a></td><td>Entered in error</td><td>This instance should not have been part of this patient's medical record.</td><td>Em estado de erro</td></tr><tr><td><a href=\"http://hl7.org/fhir/R4/codesystem-appointmentstatus.html#appointmentstatus-checked-in\">checked-in</a></td><td>Checked in</td><td>When checked in, all pre-encounter administrative work is complete, and the encounter may begin. (where multiple patients are involved, they are all present).</td><td>Confirmado</td></tr><tr><td><a href=\"http://hl7.org/fhir/R4/codesystem-appointmentstatus.html#appointmentstatus-waitlist\">waitlist</a></td><td>Waitlisted</td><td>The appointment has been placed on a waitlist, to be scheduled/confirmed in the future when a slot/service is available.\nA specific time might or might not be pre-allocated.</td><td>Em espera</td></tr></table></li><li>Include all codes defined in <code>http://www.saude.gov.br/fhir/r4/CodeSystem/BRStatusAgendamentoRegulacaoAssistencial</code></li></ul></div>"},"extension":[{"url":"http://hl7.org/fhir/StructureDefinition/structuredefinition-fmm","valueInteger":1,"_valueInteger":{"extension":[{"url":"http://hl7.org/fhir/StructureDefinition/structuredefinition-conformance-derivedFrom","valueCanonical":"http://www.saude.gov.br/fhir/r4/ImplementationGuide/br.gov.saude.rira.fhir"}]}},{"url":"http://hl7.org/fhir/StructureDefinition/structuredefinition-standards-status","valueCode":"informative","_valueCode":{"extension":[{"url":"http://hl7.org/fhir/StructureDefinition/structuredefinition-conformance-derivedFrom","valueCanonical":"http://www.saude.gov.br/fhir/r4/ImplementationGuide/br.gov.saude.rira.fhir"}]}}],"url":"http://www.saude.gov.br/fhir/r4/ValueSet/BRStatusAgendamentoRegulacaoAssistencial","version":"1.0.0","name":"BRStatusAgendamentoRegulacaoAssistencial","title":"Status de agendamento de regulação assistencial","status":"active","experimental":false,"date":"2023-04-13T13:17:18.5012669+00:00","publisher":"Ministério da Saúde do Brasil","contact":[{"name":"Ministério da Saúde do Brasil","telecom":[{"system":"url","value":"http://www.saude.gov.br"}]}],"description":"Status de agendamento de regulação assistencial.","jurisdiction":[{"coding":[{"system":"urn:iso:std:iso:3166","code":"BR"}]}],"immutable":false,"compose":{"include":[{"system":"http://hl7.org/fhir/appointmentstatus","version":"*","concept":[{"code":"proposed","display":"Proposed","designation":[{"language":"pt-BR","value":"Solicitado"}]},{"code":"pending","display":"Pending","designation":[{"language":"pt-BR","value":"Pendente"}]},{"code":"booked","display":"Booked","designation":[{"language":"pt-BR","value":"Agendado"}]},{"code":"arrived","display":"Arrived","designation":[{"language":"pt-BR","value":"Recebido"}]},{"code":"fulfilled","display":"Fulfilled","designation":[{"language":"pt-BR","value":"Atendido/Internado"}]},{"code":"cancelled","display":"Cancelled","designation":[{"language":"pt-BR","value":"Negado/Cancelado"}]},{"code":"noshow","display":"No Show","designation":[{"language":"pt-BR","value":"Falta"}]},{"code":"entered-in-error","display":"Entered in error","designation":[{"language":"pt-BR","value":"Em estado de erro"}]},{"code":"checked-in","display":"Checked in","designation":[{"language":"pt-BR","value":"Confirmado"}]},{"code":"waitlist","display":"Waitlisted","designation":[{"language":"pt-BR","value":"Em espera"}]}]},{"system":"http://www.saude.gov.br/fhir/r4/CodeSystem/BRStatusAgendamentoRegulacaoAssistencial","version":"*"}]}}