{"resourceType":"ValueSet","id":"BRProcedimentosNacionais-1.0","meta":{"lastUpdated":"2020-04-07T18:23:28.563+00:00"},"language":"pt-BR","text":{"status":"generated","div":"<div xmlns=\"http://www.w3.org/1999/xhtml\" xml:lang=\"pt-BR\" lang=\"pt-BR\"><p class=\"res-header-id\"><b>Generated Narrative: ValueSet BRProcedimentosNacionais-1.0</b></p><a name=\"BRProcedimentosNacionais-1.0\"> </a><a name=\"hcBRProcedimentosNacionais-1.0\"> </a><a name=\"BRProcedimentosNacionais-1.0-und\"> </a><div style=\"display: inline-block; background-color: #d9e0e7; padding: 6px; margin: 4px; border: 1px solid #8da1b4; border-radius: 5px; line-height: 60%\"><p style=\"margin-bottom: 0px\">Last updated: 2020-04-07 18:23:28+0000; Language: pt-BR</p></div><p>This value set includes codes based on the following rules:</p><ul><li>Include all codes defined in <a href=\"CodeSystem-BRCBHPMTUSS.html\"><code>http://www.saude.gov.br/fhir/r4/CodeSystem/BRCBHPMTUSS</code></a></li><li>Include all codes defined in <code>http://www.saude.gov.br/fhir/r4/CodeSystem/BRTabelaSUS</code></li></ul></div>"},"extension":[{"url":"http://hl7.org/fhir/StructureDefinition/structuredefinition-fmm","valueInteger":1,"_valueInteger":{"extension":[{"url":"http://hl7.org/fhir/StructureDefinition/structuredefinition-conformance-derivedFrom","valueCanonical":"http://www.saude.gov.br/fhir/r4/ImplementationGuide/br.gov.saude.rira.fhir"}]}},{"url":"http://hl7.org/fhir/StructureDefinition/structuredefinition-standards-status","valueCode":"informative","_valueCode":{"extension":[{"url":"http://hl7.org/fhir/StructureDefinition/structuredefinition-conformance-derivedFrom","valueCanonical":"http://www.saude.gov.br/fhir/r4/ImplementationGuide/br.gov.saude.rira.fhir"}]}}],"url":"http://www.saude.gov.br/fhir/r4/ValueSet/BRProcedimentosNacionais-1.0","version":"1.0.0","name":"BRProcedimentosNacionais","title":"Procedimento realizado","status":"active","experimental":false,"date":"2020-04-07T18:23:26.5540616+00:00","publisher":"Ministério da Saúde do Brasil","contact":[{"telecom":[{"system":"url","value":"http://www.saude.gov.br"}]}],"description":"ValueSet das classificações brasileiras para procedimentos adotadas em contexto nacional, os CodeSystems apresentam os códigos da competência atual, para o envio de competência anterior os códigos devem ser consultados na RTS.","jurisdiction":[{"coding":[{"system":"urn:iso:std:iso:3166","code":"BR"}]}],"immutable":false,"compose":{"include":[{"system":"http://www.saude.gov.br/fhir/r4/CodeSystem/BRCBHPMTUSS","version":"*"},{"system":"http://www.saude.gov.br/fhir/r4/CodeSystem/BRTabelaSUS","version":"*"}]}}