{"resourceType":"ValueSet","id":"BRStatusRegulacaoAssistencial","language":"pt-BR","text":{"status":"generated","div":"<div xmlns=\"http://www.w3.org/1999/xhtml\" xml:lang=\"pt-BR\" lang=\"pt-BR\"><p class=\"res-header-id\"><b>Generated Narrative: ValueSet BRStatusRegulacaoAssistencial</b></p><a name=\"BRStatusRegulacaoAssistencial\"> </a><a name=\"hcBRStatusRegulacaoAssistencial\"> </a><a name=\"BRStatusRegulacaoAssistencial-und\"> </a><div style=\"display: inline-block; background-color: #d9e0e7; padding: 6px; margin: 4px; border: 1px solid #8da1b4; border-radius: 5px; line-height: 60%\"><p style=\"margin-bottom: 0px\">Language: pt-BR</p></div><ul><li>Include all codes defined in <a href=\"CodeSystem-BRStatusRegulacaoAssistencial.html\"><code>http://www.saude.gov.br/fhir/r4/CodeSystem/BRStatusRegulacaoAssistencial</code></a></li></ul></div>"},"extension":[{"url":"http://hl7.org/fhir/StructureDefinition/structuredefinition-fmm","valueInteger":1,"_valueInteger":{"extension":[{"url":"http://hl7.org/fhir/StructureDefinition/structuredefinition-conformance-derivedFrom","valueCanonical":"http://www.saude.gov.br/fhir/r4/ImplementationGuide/br.gov.saude.rira.fhir"}]}},{"url":"http://hl7.org/fhir/StructureDefinition/structuredefinition-standards-status","valueCode":"informative","_valueCode":{"extension":[{"url":"http://hl7.org/fhir/StructureDefinition/structuredefinition-conformance-derivedFrom","valueCanonical":"http://www.saude.gov.br/fhir/r4/ImplementationGuide/br.gov.saude.rira.fhir"}]}}],"url":"http://www.saude.gov.br/fhir/r4/ValueSet/BRStatusRegulacaoAssistencial","version":"1.0.0","name":"BRStatusRegulacaoAssistencial","title":"Status de regulação assistencial","status":"active","experimental":false,"date":"2023-04-13T13:17:18.5012669+00:00","publisher":"Ministério da Saúde do Brasil","contact":[{"name":"Ministério da Saúde do Brasil","telecom":[{"system":"url","value":"http://www.saude.gov.br"}]}],"description":"Status de agendamento de regulação assistencial.","jurisdiction":[{"coding":[{"system":"urn:iso:std:iso:3166","code":"BR"}]}],"immutable":false,"compose":{"include":[{"system":"http://www.saude.gov.br/fhir/r4/CodeSystem/BRStatusRegulacaoAssistencial","version":"*"}]}}