<?xml version="1.0" encoding="UTF-8"?>

<CodeSystem xmlns="http://hl7.org/fhir">
  <id value="BRTipoParticipante"/>
  <language value="pt-BR"/>
  <text>
    <status value="generated"/><div xmlns="http://www.w3.org/1999/xhtml" xml:lang="pt-BR" lang="pt-BR"><p class="res-header-id"><b>Generated Narrative: CodeSystem BRTipoParticipante</b></p><a name="BRTipoParticipante"> </a><a name="hcBRTipoParticipante"> </a><a name="BRTipoParticipante-und"> </a><div style="display: inline-block; background-color: #d9e0e7; padding: 6px; margin: 4px; border: 1px solid #8da1b4; border-radius: 5px; line-height: 60%"><p style="margin-bottom: 0px">Language: pt-BR</p></div><p>This case-sensitive code system <code>http://www.saude.gov.br/fhir/r4/CodeSystem/BRTipoParticipante</code> defines the following codes:</p><table class="codes"><tr><td style="white-space:nowrap"><b>Code</b></td><td><b>Display</b></td></tr><tr><td style="white-space:nowrap">PCT<a name="BRTipoParticipante-PCT"> </a></td><td>Paciente</td></tr><tr><td style="white-space:nowrap">ESS<a name="BRTipoParticipante-ESS"> </a></td><td>Estabelecimento de saúde solicitante</td></tr><tr><td style="white-space:nowrap">ESE<a name="BRTipoParticipante-ESE"> </a></td><td>Estabelecimento de saúde executante</td></tr><tr><td style="white-space:nowrap">ESR<a name="BRTipoParticipante-ESR"> </a></td><td>Estabelecimento de saúde regulador</td></tr></table></div>
  </text>
  <extension url="http://hl7.org/fhir/StructureDefinition/structuredefinition-fmm">
    <valueInteger value="1">
      <extension url="http://hl7.org/fhir/StructureDefinition/structuredefinition-conformance-derivedFrom">
        <valueCanonical value="http://www.saude.gov.br/fhir/r4/ImplementationGuide/br.gov.saude.rira.fhir"/>
      </extension>
    </valueInteger>
  </extension>
  <extension url="http://hl7.org/fhir/StructureDefinition/structuredefinition-standards-status">
    <valueCode value="informative">
      <extension url="http://hl7.org/fhir/StructureDefinition/structuredefinition-conformance-derivedFrom">
        <valueCanonical value="http://www.saude.gov.br/fhir/r4/ImplementationGuide/br.gov.saude.rira.fhir"/>
      </extension>
    </valueCode>
  </extension>
  <url value="http://www.saude.gov.br/fhir/r4/CodeSystem/BRTipoParticipante"/>
  <version value="1.0.0"/>
  <name value="BRTipoParticipante"/>
  <title value="Tipo do Participante"/>
  <status value="active"/>
  <experimental value="false"/>
  <date value="2023-04-13T18:16:19.9468275+00:00"/>
  <publisher value="Ministério da Saúde do Brasil"/>
  <contact>
    <name value="Ministério da Saúde do Brasil"/>
    <telecom>
      <system value="url"/>
      <value value="http://www.saude.gov.br"/>
    </telecom>
  </contact>
  <description value="Identificação do tipo do participante envolvido na solicitação."/>
  <jurisdiction>
    <coding>
      <system value="urn:iso:std:iso:3166"/>
      <code value="BR"/>
    </coding>
  </jurisdiction>
  <caseSensitive value="true"/>
  <content value="complete"/>
  <concept>
    <code value="PCT"/>
    <display value="Paciente"/>
  </concept>
  <concept>
    <code value="ESS"/>
    <display value="Estabelecimento de saúde solicitante"/>
  </concept>
  <concept>
    <code value="ESE"/>
    <display value="Estabelecimento de saúde executante"/>
  </concept>
  <concept>
    <code value="ESR"/>
    <display value="Estabelecimento de saúde regulador"/>
  </concept>
</CodeSystem>