<?xml version="1.0" encoding="UTF-8"?>

<ValueSet xmlns="http://hl7.org/fhir">
  <id value="BRCaraterAtendimentoMIRA"/>
  <language value="en"/>
  <text>
    <status value="extensions"/><div xmlns="http://www.w3.org/1999/xhtml" xml:lang="en" lang="en"><p class="res-header-id"><b>Generated Narrative: ValueSet BRCaraterAtendimentoMIRA</b></p><a name="BRCaraterAtendimentoMIRA"> </a><a name="hcBRCaraterAtendimentoMIRA"> </a><a name="BRCaraterAtendimentoMIRA-und"> </a><div style="display: inline-block; background-color: #d9e0e7; padding: 6px; margin: 4px; border: 1px solid #8da1b4; border-radius: 5px; line-height: 60%"><p style="margin-bottom: 0px">Language: en</p></div><ul><li>Include these codes as defined in <a href="http://hl7.org/fhir/R4/codesystem-request-priority.html"><code>http://hl7.org/fhir/request-priority</code></a> version <code>*</code><table class="none"><tr><td style="white-space:nowrap"><b>Code</b></td><td><b>Display</b></td><td><b>Definition</b></td><td><b>Portuguese (Brazil) (pt)</b></td></tr><tr><td><a href="http://hl7.org/fhir/R4/codesystem-request-priority.html#request-priority-routine">routine</a></td><td>Routine</td><td>The request has normal priority.</td><td>Eletivo</td></tr><tr><td><a href="http://hl7.org/fhir/R4/codesystem-request-priority.html#request-priority-urgent">urgent</a></td><td>Urgent</td><td>The request should be actioned promptly - higher priority than routine.</td><td>Urgência</td></tr></table></li></ul></div>
  </text>
  <extension url="http://hl7.org/fhir/StructureDefinition/structuredefinition-fmm">
    <valueInteger value="1">
      <extension url="http://hl7.org/fhir/StructureDefinition/structuredefinition-conformance-derivedFrom">
        <valueCanonical value="http://www.saude.gov.br/fhir/r4/ImplementationGuide/br.gov.saude.rira.fhir"/>
      </extension>
    </valueInteger>
  </extension>
  <extension url="http://hl7.org/fhir/StructureDefinition/structuredefinition-standards-status">
    <valueCode value="informative">
      <extension url="http://hl7.org/fhir/StructureDefinition/structuredefinition-conformance-derivedFrom">
        <valueCanonical value="http://www.saude.gov.br/fhir/r4/ImplementationGuide/br.gov.saude.rira.fhir"/>
      </extension>
    </valueCode>
  </extension>
  <url value="http://www.saude.gov.br/fhir/r4/ValueSet/BRCaraterAtendimentoMIRA"/>
  <version value="1.0.0"/>
  <name value="BRCaraterAtendimentoMIRA"/>
  <title value="Caráter de Atendimento no MIRA"/>
  <status value="active"/>
  <experimental value="false"/>
  <date value="2023-04-13T13:17:18.5012669+00:00"/>
  <publisher value="Ministério da Saúde do Brasil"/>
  <contact>
    <telecom>
      <system value="url"/>
      <value value="http://www.saude.gov.br"/>
    </telecom>
  </contact>
  <description value="Caráter da solicitação do procedimento."/>
  <jurisdiction>
    <coding>
      <system value="urn:iso:std:iso:3166"/>
      <code value="BR"/>
    </coding>
  </jurisdiction>
  <immutable value="false"/>
  <compose>
    <include>
      <system value="http://hl7.org/fhir/request-priority"/>
      <version value="*"/>
      <concept>
        <code value="routine"/>
        <display value="Routine"/>
        <designation>
          <language value="pt-BR"/>
          <value value="Eletivo"/>
        </designation>
      </concept>
      <concept>
        <code value="urgent"/>
        <display value="Urgent"/>
        <designation>
          <language value="pt-BR"/>
          <value value="Urgência"/>
        </designation>
      </concept>
    </include>
  </compose>
</ValueSet>