<?xml version="1.0" encoding="UTF-8"?>

<ValueSet xmlns="http://hl7.org/fhir">
  <id value="BRIntencaoRegulacao"/>
  <language value="pt-BR"/>
  <text>
    <status value="extensions"/><div xmlns="http://www.w3.org/1999/xhtml" xml:lang="pt-BR" lang="pt-BR"><ul><li>Include these codes as defined in <a href="http://hl7.org/fhir/R4/codesystem-request-intent.html"><code>http://hl7.org/fhir/request-intent</code></a> version <code>*</code><table class="none"><tr><td style="white-space:nowrap"><b>Code</b></td><td><b>Display</b></td><td><b>Definition</b></td><td><b>Portuguese (Brazil) (pt)</b></td></tr><tr><td><a href="http://hl7.org/fhir/R4/codesystem-request-intent.html#request-intent-proposal">proposal</a></td><td>Proposal</td><td>The request is a suggestion made by someone/something that does not have an intention to ensure it occurs and without providing an authorization to act.</td><td>Proposto</td></tr><tr><td><a href="http://hl7.org/fhir/R4/codesystem-request-intent.html#request-intent-plan">plan</a></td><td>Plan</td><td>The request represents an intention to ensure something occurs without providing an authorization for others to act.</td><td>Planejado</td></tr><tr><td><a href="http://hl7.org/fhir/R4/codesystem-request-intent.html#request-intent-directive">directive</a></td><td>Directive</td><td>The request represents a legally binding instruction authored by a Patient or RelatedPerson.</td><td>Diretriz</td></tr><tr><td><a href="http://hl7.org/fhir/R4/codesystem-request-intent.html#request-intent-order">order</a></td><td>Order</td><td>The request represents a request/demand and authorization for action by a Practitioner.</td><td>Autorizado</td></tr><tr><td><a href="http://hl7.org/fhir/R4/codesystem-request-intent.html#request-intent-original-order">original-order</a></td><td>Original Order</td><td>The request represents an original authorization for action.</td><td>Autorização original</td></tr><tr><td><a href="http://hl7.org/fhir/R4/codesystem-request-intent.html#request-intent-reflex-order">reflex-order</a></td><td>Reflex Order</td><td>The request represents an automatically generated supplemental authorization for action based on a parent authorization together with initial results of the action taken against that parent authorization.</td><td>Autorização suplementar</td></tr><tr><td><a href="http://hl7.org/fhir/R4/codesystem-request-intent.html#request-intent-filler-order">filler-order</a></td><td>Filler Order</td><td>The request represents the view of an authorization instantiated by a fulfilling system representing the details of the fulfiller's intention to act upon a submitted order.</td><td>Intenção de autorização</td></tr><tr><td><a href="http://hl7.org/fhir/R4/codesystem-request-intent.html#request-intent-instance-order">instance-order</a></td><td>Instance Order</td><td>An order created in fulfillment of a broader order that represents the authorization for a single activity occurrence.  E.g. The administration of a single dose of a drug.</td><td>Autorização de atividade única</td></tr><tr><td><a href="http://hl7.org/fhir/R4/codesystem-request-intent.html#request-intent-option">option</a></td><td>Option</td><td>The request represents a component or option for a RequestGroup that establishes timing, conditionality and/or other constraints among a set of requests.  Refer to [[[RequestGroup]]] for additional information on how this status is used.</td><td>Condicional</td></tr></table></li></ul></div>
  </text>
  <extension url="http://hl7.org/fhir/StructureDefinition/structuredefinition-fmm">
    <valueInteger value="1">
      <extension url="http://hl7.org/fhir/StructureDefinition/structuredefinition-conformance-derivedFrom">
        <valueCanonical value="http://www.saude.gov.br/fhir/r4/ImplementationGuide/br.gov.saude.rnds.rira"/>
      </extension>
    </valueInteger>
  </extension>
  <extension url="http://hl7.org/fhir/StructureDefinition/structuredefinition-standards-status">
    <valueCode value="informative">
      <extension url="http://hl7.org/fhir/StructureDefinition/structuredefinition-conformance-derivedFrom">
        <valueCanonical value="http://www.saude.gov.br/fhir/r4/ImplementationGuide/br.gov.saude.rnds.rira"/>
      </extension>
    </valueCode>
  </extension>
  <url value="http://www.saude.gov.br/fhir/r4/ValueSet/BRIntencaoRegulacao"/>
  <version value="0.1.0"/>
  <name value="BRIntencaoRegulacao"/>
  <title value="Intenção de requisição de regulação assistencial"/>
  <status value="active"/>
  <experimental value="false"/>
  <date value="2023-04-13T13:17:18.5012669+00:00"/>
  <publisher value="Ministério da Saúde do Brasil"/>
  <contact>
    <telecom>
      <system value="url"/>
      <value value="http://www.saude.gov.br"/>
    </telecom>
  </contact>
  <description value="Intenção de requisição de regulação assistencial."/>
  <jurisdiction>
    <coding>
      <system value="urn:iso:std:iso:3166"/>
      <code value="BR"/>
    </coding>
  </jurisdiction>
  <immutable value="false"/>
  <compose>
    <include>
      <system value="http://hl7.org/fhir/request-intent"/>
      <version value="*"/>
      <concept>
        <code value="proposal"/>
        <display value="Proposal"/>
        <designation>
          <language value="pt-BR"/>
          <value value="Proposto"/>
        </designation>
      </concept>
      <concept>
        <code value="plan"/>
        <display value="Plan"/>
        <designation>
          <language value="pt-BR"/>
          <value value="Planejado"/>
        </designation>
      </concept>
      <concept>
        <code value="directive"/>
        <display value="Directive"/>
        <designation>
          <language value="pt-BR"/>
          <value value="Diretriz"/>
        </designation>
      </concept>
      <concept>
        <code value="order"/>
        <display value="Order"/>
        <designation>
          <language value="pt-BR"/>
          <value value="Autorizado"/>
        </designation>
      </concept>
      <concept>
        <code value="original-order"/>
        <display value="Original Order"/>
        <designation>
          <language value="pt-BR"/>
          <value value="Autorização original"/>
        </designation>
      </concept>
      <concept>
        <code value="reflex-order"/>
        <display value="Reflex Order"/>
        <designation>
          <language value="pt-BR"/>
          <value value="Autorização suplementar"/>
        </designation>
      </concept>
      <concept>
        <code value="filler-order"/>
        <display value="Filler Order"/>
        <designation>
          <language value="pt-BR"/>
          <value value="Intenção de autorização"/>
        </designation>
      </concept>
      <concept>
        <code value="instance-order"/>
        <display value="Instance Order"/>
        <designation>
          <language value="pt-BR"/>
          <value value="Autorização de atividade única"/>
        </designation>
      </concept>
      <concept>
        <code value="option"/>
        <display value="Option"/>
        <designation>
          <language value="pt-BR"/>
          <value value="Condicional"/>
        </designation>
      </concept>
    </include>
  </compose>
</ValueSet>