<?xml version="1.0" encoding="UTF-8"?>

<ValueSet xmlns="http://hl7.org/fhir">
  <id value="BRStatusAgendamentoRegulacaoAssistencial"/>
  <language value="pt-BR"/>
  <text>
    <status value="extensions"/><div xmlns="http://www.w3.org/1999/xhtml" xml:lang="pt-BR" lang="pt-BR"><p>This value set includes codes based on the following rules:</p><ul><li>Include these codes as defined in <a href="http://hl7.org/fhir/R4/codesystem-appointmentstatus.html"><code>http://hl7.org/fhir/appointmentstatus</code></a> version <code>*</code><table class="none"><tr><td style="white-space:nowrap"><b>Code</b></td><td><b>Display</b></td><td><b>Definition</b></td><td><b>Portuguese (Brazil) (pt)</b></td></tr><tr><td><a href="http://hl7.org/fhir/R4/codesystem-appointmentstatus.html#appointmentstatus-proposed">proposed</a></td><td>Proposed</td><td>None of the participant(s) have finalized their acceptance of the appointment request, and the start/end time might not be set yet.</td><td>Solicitado</td></tr><tr><td><a href="http://hl7.org/fhir/R4/codesystem-appointmentstatus.html#appointmentstatus-pending">pending</a></td><td>Pending</td><td>Some or all of the participant(s) have not finalized their acceptance of the appointment request.</td><td>Pendente</td></tr><tr><td><a href="http://hl7.org/fhir/R4/codesystem-appointmentstatus.html#appointmentstatus-booked">booked</a></td><td>Booked</td><td>All participant(s) have been considered and the appointment is confirmed to go ahead at the date/times specified.</td><td>Agendado</td></tr><tr><td><a href="http://hl7.org/fhir/R4/codesystem-appointmentstatus.html#appointmentstatus-arrived">arrived</a></td><td>Arrived</td><td>The patient/patients has/have arrived and is/are waiting to be seen.</td><td>Recebido</td></tr><tr><td><a href="http://hl7.org/fhir/R4/codesystem-appointmentstatus.html#appointmentstatus-fulfilled">fulfilled</a></td><td>Fulfilled</td><td>The planning stages of the appointment are now complete, the encounter resource will exist and will track further status changes. Note that an encounter may exist before the appointment status is fulfilled for many reasons.</td><td>Atendido/Internado</td></tr><tr><td><a href="http://hl7.org/fhir/R4/codesystem-appointmentstatus.html#appointmentstatus-cancelled">cancelled</a></td><td>Cancelled</td><td>The appointment has been cancelled.</td><td>Negado/Cancelado</td></tr><tr><td><a href="http://hl7.org/fhir/R4/codesystem-appointmentstatus.html#appointmentstatus-noshow">noshow</a></td><td>No Show</td><td>Some or all of the participant(s) have not/did not appear for the appointment (usually the patient).</td><td>Falta</td></tr><tr><td><a href="http://hl7.org/fhir/R4/codesystem-appointmentstatus.html#appointmentstatus-entered-in-error">entered-in-error</a></td><td>Entered in error</td><td>This instance should not have been part of this patient's medical record.</td><td>Em estado de erro</td></tr><tr><td><a href="http://hl7.org/fhir/R4/codesystem-appointmentstatus.html#appointmentstatus-checked-in">checked-in</a></td><td>Checked in</td><td>When checked in, all pre-encounter administrative work is complete, and the encounter may begin. (where multiple patients are involved, they are all present).</td><td>Confirmado</td></tr><tr><td><a href="http://hl7.org/fhir/R4/codesystem-appointmentstatus.html#appointmentstatus-waitlist">waitlist</a></td><td>Waitlisted</td><td>The appointment has been placed on a waitlist, to be scheduled/confirmed in the future when a slot/service is available.
A specific time might or might not be pre-allocated.</td><td>Em espera</td></tr></table></li><li>Include all codes defined in <code>http://www.saude.gov.br/fhir/r4/CodeSystem/BRStatusAgendamentoRegulacaoAssistencial</code></li></ul></div>
  </text>
  <extension url="http://hl7.org/fhir/StructureDefinition/structuredefinition-fmm">
    <valueInteger value="1">
      <extension url="http://hl7.org/fhir/StructureDefinition/structuredefinition-conformance-derivedFrom">
        <valueCanonical value="http://www.saude.gov.br/fhir/r4/ImplementationGuide/br.gov.saude.rnds.rira"/>
      </extension>
    </valueInteger>
  </extension>
  <extension url="http://hl7.org/fhir/StructureDefinition/structuredefinition-standards-status">
    <valueCode value="informative">
      <extension url="http://hl7.org/fhir/StructureDefinition/structuredefinition-conformance-derivedFrom">
        <valueCanonical value="http://www.saude.gov.br/fhir/r4/ImplementationGuide/br.gov.saude.rnds.rira"/>
      </extension>
    </valueCode>
  </extension>
  <url value="http://www.saude.gov.br/fhir/r4/ValueSet/BRStatusAgendamentoRegulacaoAssistencial"/>
  <version value="0.1.0"/>
  <name value="BRStatusAgendamentoRegulacaoAssistencial"/>
  <title value="Status de agendamento de regulação assistencial"/>
  <status value="active"/>
  <experimental value="false"/>
  <date value="2023-04-13T13:17:18.5012669+00:00"/>
  <publisher value="Ministério da Saúde do Brasil"/>
  <contact>
    <telecom>
      <system value="url"/>
      <value value="http://www.saude.gov.br"/>
    </telecom>
  </contact>
  <description value="Status de agendamento de regulação assistencial."/>
  <jurisdiction>
    <coding>
      <system value="urn:iso:std:iso:3166"/>
      <code value="BR"/>
    </coding>
  </jurisdiction>
  <immutable value="false"/>
  <compose>
    <include>
      <system value="http://hl7.org/fhir/appointmentstatus"/>
      <version value="*"/>
      <concept>
        <code value="proposed"/>
        <display value="Proposed"/>
        <designation>
          <language value="pt-BR"/>
          <value value="Solicitado"/>
        </designation>
      </concept>
      <concept>
        <code value="pending"/>
        <display value="Pending"/>
        <designation>
          <language value="pt-BR"/>
          <value value="Pendente"/>
        </designation>
      </concept>
      <concept>
        <code value="booked"/>
        <display value="Booked"/>
        <designation>
          <language value="pt-BR"/>
          <value value="Agendado"/>
        </designation>
      </concept>
      <concept>
        <code value="arrived"/>
        <display value="Arrived"/>
        <designation>
          <language value="pt-BR"/>
          <value value="Recebido"/>
        </designation>
      </concept>
      <concept>
        <code value="fulfilled"/>
        <display value="Fulfilled"/>
        <designation>
          <language value="pt-BR"/>
          <value value="Atendido/Internado"/>
        </designation>
      </concept>
      <concept>
        <code value="cancelled"/>
        <display value="Cancelled"/>
        <designation>
          <language value="pt-BR"/>
          <value value="Negado/Cancelado"/>
        </designation>
      </concept>
      <concept>
        <code value="noshow"/>
        <display value="No Show"/>
        <designation>
          <language value="pt-BR"/>
          <value value="Falta"/>
        </designation>
      </concept>
      <concept>
        <code value="entered-in-error"/>
        <display value="Entered in error"/>
        <designation>
          <language value="pt-BR"/>
          <value value="Em estado de erro"/>
        </designation>
      </concept>
      <concept>
        <code value="checked-in"/>
        <display value="Checked in"/>
        <designation>
          <language value="pt-BR"/>
          <value value="Confirmado"/>
        </designation>
      </concept>
      <concept>
        <code value="waitlist"/>
        <display value="Waitlisted"/>
        <designation>
          <language value="pt-BR"/>
          <value value="Em espera"/>
        </designation>
      </concept>
    </include>
    <include>
      <system value="http://www.saude.gov.br/fhir/r4/CodeSystem/BRStatusAgendamentoRegulacaoAssistencial"/>
      <version value="*"/>
    </include>
  </compose>
</ValueSet>