<?xml version="1.0" encoding="UTF-8"?>

<ValueSet xmlns="http://hl7.org/fhir">
  <id value="BRSexo-1.0"/>
  <meta>
    <lastUpdated value="2021-12-24T12:00:59.742+00:00"/>
  </meta>
  <language value="pt-BR"/>
  <text>
    <status value="extensions"/><div xmlns="http://www.w3.org/1999/xhtml" xml:lang="pt-BR" lang="pt-BR"><ul><li>Include these codes as defined in <a href="http://hl7.org/fhir/R4/codesystem-administrative-gender.html"><code>http://hl7.org/fhir/administrative-gender</code></a> version <code>*</code><table class="none"><tr><td style="white-space:nowrap"><b>Code</b></td><td><b>Display</b></td><td><b>Definition</b></td><td><b>English (English, en)</b></td><td><b>Spanish (es)</b></td></tr><tr><td><a href="http://hl7.org/fhir/R4/codesystem-administrative-gender.html#administrative-gender-male">male</a></td><td>Masculino</td><td>Male.</td><td>Male</td><td>Masculino</td></tr><tr><td><a href="http://hl7.org/fhir/R4/codesystem-administrative-gender.html#administrative-gender-female">female</a></td><td>Feminino</td><td>Female.</td><td>Female</td><td>Femenino</td></tr><tr><td><a href="http://hl7.org/fhir/R4/codesystem-administrative-gender.html#administrative-gender-unknown">unknown</a></td><td>Ignorado</td><td>Unknown.</td><td>Unknow</td><td>Desconocido</td></tr></table></li></ul></div>
  </text>
  <extension url="http://hl7.org/fhir/StructureDefinition/structuredefinition-fmm">
    <valueInteger value="1">
      <extension url="http://hl7.org/fhir/StructureDefinition/structuredefinition-conformance-derivedFrom">
        <valueCanonical value="http://www.saude.gov.br/fhir/r4/ImplementationGuide/br.gov.saude.rnds.rira"/>
      </extension>
    </valueInteger>
  </extension>
  <extension url="http://hl7.org/fhir/StructureDefinition/structuredefinition-standards-status">
    <valueCode value="informative">
      <extension url="http://hl7.org/fhir/StructureDefinition/structuredefinition-conformance-derivedFrom">
        <valueCanonical value="http://www.saude.gov.br/fhir/r4/ImplementationGuide/br.gov.saude.rnds.rira"/>
      </extension>
    </valueCode>
  </extension>
  <url value="http://www.saude.gov.br/fhir/r4/ValueSet/BRSexo-1.0"/>
  <version value="0.1.0"/>
  <name value="BRSexo"/>
  <title value="Sexo"/>
  <status value="active"/>
  <experimental value="false"/>
  <date value="2020-04-07T21:07:00.8812267+00:00"/>
  <publisher value="Ministério da Saúde do Brasil"/>
  <contact>
    <telecom>
      <system value="url"/>
      <value value="http://www.saude.gov.br"/>
    </telecom>
  </contact>
  <description value="Sexo de um indivíduo."/>
  <jurisdiction>
    <coding>
      <system value="urn:iso:std:iso:3166"/>
      <code value="BR"/>
    </coding>
  </jurisdiction>
  <immutable value="false"/>
  <compose>
    <include>
      <system value="http://hl7.org/fhir/administrative-gender"/>
      <version value="*"/>
      <concept>
        <code value="male"/>
        <display value="Masculino"/>
        <designation>
          <language value="en"/>
          <value value="Male"/>
        </designation>
        <designation>
          <language value="es"/>
          <value value="Masculino"/>
        </designation>
      </concept>
      <concept>
        <code value="female"/>
        <display value="Feminino"/>
        <designation>
          <language value="en"/>
          <value value="Female"/>
        </designation>
        <designation>
          <language value="es"/>
          <value value="Femenino"/>
        </designation>
      </concept>
      <concept>
        <code value="unknown"/>
        <display value="Ignorado"/>
        <designation>
          <language value="en"/>
          <value value="Unknow"/>
        </designation>
        <designation>
          <language value="es"/>
          <value value="Desconocido"/>
        </designation>
      </concept>
    </include>
  </compose>
</ValueSet>