<?xml version="1.0" encoding="UTF-8"?><CodeSystem xmlns="http://hl7.org/fhir"><id value="BRJustificativaIndividuoNaoIdentificado"/><language value="pt-BR"/><text><status value="generated"/><div xmlns="http://www.w3.org/1999/xhtml" xml:lang="pt-BR" lang="pt-BR"><p class="res-header-id"><b>Generated Narrative: CodeSystem BRJustificativaIndividuoNaoIdentificado</b></p><a name="BRJustificativaIndividuoNaoIdentificado"> </a><a name="hcBRJustificativaIndividuoNaoIdentificado"> </a><a name="BRJustificativaIndividuoNaoIdentificado-und"> </a><div style="display: inline-block; background-color: #d9e0e7; padding: 6px; margin: 4px; border: 1px solid #8da1b4; border-radius: 5px; line-height: 60%"><p style="margin-bottom: 0px">Language: pt-BR</p></div><p>This case-sensitive code system <code>http://www.saude.gov.br/fhir/r4/CodeSystem/BRJustificativaIndividuoNaoIdentificado</code> defines the following codes:</p><table class="codes"><tr><td style="white-space:nowrap"><b>Code</b></td><td><b>Display</b></td></tr><tr><td style="white-space:nowrap">01<a name="BRJustificativaIndividuoNaoIdentificado-01"> </a></td><td>Indivíduo acidentado grave</td></tr><tr><td style="white-space:nowrap">02<a name="BRJustificativaIndividuoNaoIdentificado-02"> </a></td><td>Indivíduo em sofrimento mental encontrado em via pública</td></tr><tr><td style="white-space:nowrap">03<a name="BRJustificativaIndividuoNaoIdentificado-03"> </a></td><td>Indivíduo com problema neurológico grave ou comatoso</td></tr><tr><td style="white-space:nowrap">04<a name="BRJustificativaIndividuoNaoIdentificado-04"> </a></td><td>Indivíduo incapacitado por motivos sociais e/ou culturais</td></tr><tr><td style="white-space:nowrap">05<a name="BRJustificativaIndividuoNaoIdentificado-05"> </a></td><td>Indivíduo doador de órgãos falecido</td></tr><tr><td style="white-space:nowrap">99<a name="BRJustificativaIndividuoNaoIdentificado-99"> </a></td><td>Sem registro no modelo de informação de origem</td></tr></table></div></text><extension url="http://hl7.org/fhir/StructureDefinition/structuredefinition-fmm"><valueInteger value="1"><extension url="http://hl7.org/fhir/StructureDefinition/structuredefinition-conformance-derivedFrom"><valueCanonical value="http://www.saude.gov.br/fhir/r4/ImplementationGuide/br.gov.saude.rira.fhir"/></extension></valueInteger></extension><extension url="http://hl7.org/fhir/StructureDefinition/structuredefinition-standards-status"><valueCode value="informative"><extension url="http://hl7.org/fhir/StructureDefinition/structuredefinition-conformance-derivedFrom"><valueCanonical value="http://www.saude.gov.br/fhir/r4/ImplementationGuide/br.gov.saude.rira.fhir"/></extension></valueCode></extension><url value="http://www.saude.gov.br/fhir/r4/CodeSystem/BRJustificativaIndividuoNaoIdentificado"/><version value="1.0.0"/><name value="BRJustificativaIndividuoNaoIdentificado"/><title value="Justificativa da Impossibilidade de Identificação do Indivíduo"/><status value="active"/><experimental value="false"/><date value="2020-03-11T18:15:25.4061393+00:00"/><publisher value="Ministério da Saúde do Brasil"/><contact><name value="Ministério da Saúde do Brasil"/><telecom><system value="url"/><value value="http://www.saude.gov.br"/></telecom></contact><description value="Classifica as razões pelo qual não foi possível obter os dados de identificação do indivíduo em um contato assistencial. (Port. nº 84/SAS/MS/1997 e Port. nº02/SAS/SGEP/MS/2012)"/><jurisdiction><coding><system value="urn:iso:std:iso:3166"/><code value="BR"/></coding></jurisdiction><caseSensitive value="true"/><content value="complete"/><concept><code value="01"/><display value="Indivíduo acidentado grave"/><designation><language value="pt-BR"/><use><system value="http://terminology.hl7.org/CodeSystem/designation-usage"/><code value="display"/></use><value value="Indivíduo acidentado grave"/></designation></concept><concept><code value="02"/><display value="Indivíduo em sofrimento mental encontrado em via pública"/><designation><language value="pt-BR"/><use><system value="http://terminology.hl7.org/CodeSystem/designation-usage"/><code value="display"/></use><value value="Indivíduo em sofrimento mental encontrado em via pública"/></designation></concept><concept><code value="03"/><display value="Indivíduo com problema neurológico grave ou comatoso"/><designation><language value="pt-BR"/><use><system value="http://terminology.hl7.org/CodeSystem/designation-usage"/><code value="display"/></use><value value="Indivíduo com problema neurológico grave ou comatoso"/></designation></concept><concept><code value="04"/><display value="Indivíduo incapacitado por motivos sociais e/ou culturais"/><designation><language value="pt-BR"/><use><system value="http://terminology.hl7.org/CodeSystem/designation-usage"/><code value="display"/></use><value value="Indivíduo incapacitado por motivos sociais e/ou culturais"/></designation></concept><concept><code value="05"/><display value="Indivíduo doador de órgãos falecido"/><designation><language value="pt-BR"/><use><system value="http://terminology.hl7.org/CodeSystem/designation-usage"/><code value="display"/></use><value value="Indivíduo doador de órgãos falecido"/></designation></concept><concept><code value="99"/><display value="Sem registro no modelo de informação de origem"/><designation><language value="pt-BR"/><use><system value="http://terminology.hl7.org/CodeSystem/designation-usage"/><code value="display"/></use><value value="Sem registro no modelo de informação de origem"/></designation></concept></CodeSystem>