Source File	Size	loadResources	load	generateSnapshots	load-configure	scan	loadDepInfo	loadInfo	checkR4R4B	generateNarratives	validate	loadLists	checkConformanceResources	checkConformanceResources2	checkConformanceResources3	generateLogicalMaps	validateExpressions	scanForUsageStats	checkURLsUnique	processProvenanceDetails	translate	generate1	generate2	generateLogicals	makeDependencies	generateExampleZip	generateValidationPack	scanProfilesForR5	scanExamplesForR5
/input/myig.xml	8433	-	0	0	0	0	0	0	9	28	0	0	0	0	0	0	0	1	0	0	0	186	103	0	0	0	3	0	3
input/examples/exemplo_RIRA_anterior_2025_com_ciap_sucesso.json	7265	4	17	0	1	0	0	0	0	275	0	0	0	0	0	0	0	0	0	0	0	34	30	0	0	0	0	0	0
input/examples/exemplo_RIRA_anterior_2025_com_cid_sucesso.json	7265	2	1	0	0	0	0	0	1	8	0	0	0	0	0	0	0	0	0	0	0	32	29	0	0	0	0	0	0
input/examples/exemplo_RIRA_anterior_2025_sem_cid.json	6691	1	1	0	0	0	0	0	0	5	0	0	0	0	0	0	0	0	0	0	0	26	28	0	0	0	0	0	0
input/examples/exemplo_RIRA_anterior_2025_sem_cid_ciap_sucesso.json	6329	2	1	0	0	0	0	0	1	4	0	0	0	0	0	0	0	0	0	0	0	19	26	0	0	0	0	0	0
input/examples/exemplo_RIRA_pendente_com_ciap_sucesso.json	7244	1	0	0	0	0	0	0	0	4	0	0	0	0	0	0	0	0	0	0	0	21	22	0	0	0	0	0	1
input/examples/exemplo_RIRA_posterior_2025_com_ciap_sucesso.json	7266	2	1	0	0	0	0	0	1	5	0	0	0	0	0	0	0	0	0	0	0	20	19	0	0	0	0	0	0
input/examples/exemplo_RIRA_posterior_2025_com_cid_sucesso.json	7250	1	1	0	0	0	0	0	0	3	0	0	0	0	0	0	0	0	0	0	0	21	18	0	0	0	0	0	0
input/resources/CodeSystem-BRCBHPMTUSS.xml	10952306	1217	0	0	29	0	1	0	193	43876	0	0	36	0	0	0	0	51	0	0	0	17326	178571	0	0	0	604	0	39
input/resources/CodeSystem-BRCBO.xml	945748	77	0	0	0	0	0	0	23	311	0	0	1	0	0	0	0	4	0	0	0	924	1439	0	0	0	38	0	26
input/resources/CodeSystem-BRCIAP2.json	57284	4	0	0	1	0	0	0	2	16	0	0	1	0	0	0	0	0	0	0	0	127	116	0	0	0	6	0	0
input/resources/CodeSystem-BRCID10.xml	1929894	150	0	0	3	0	0	0	37	1222	0	0	4	0	0	0	0	3	0	0	0	2836	6689	0	0	0	144	0	8
input/resources/CodeSystem-BRCategoriaDiagnostico.xml	864	3	0	0	0	0	0	0	0	1	0	0	0	0	0	0	0	0	0	0	0	8	32	0	0	0	1	0	0
input/resources/CodeSystem-BRJustificativaIndividuoNaoIdentificado.xml	1601	3	0	0	0	0	0	0	0	1	0	0	0	0	0	0	0	1	0	0	0	10	28	0	0	0	0	0	1
input/resources/CodeSystem-BRModalidadeAssistencial.xml	1632	2	0	0	0	0	0	0	0	1	0	0	0	0	0	0	0	0	0	0	0	9	34	0	0	0	0	0	0
input/resources/CodeSystem-BRStatusAgendamentoRegulacaoAssistencial.xml	1273	3	0	0	0	0	0	0	0	1	0	0	0	0	0	0	0	0	0	0	0	9	36	0	0	0	1	0	0
input/resources/CodeSystem-BRStatusRegulacaoAssistencial.xml	2052	2	0	0	0	0	0	0	0	1	0	0	0	0	0	0	0	0	0	0	0	9	42	0	0	0	0	0	0
input/resources/CodeSystem-BRTabelaSUS.xml	1678071	133	0	0	1	0	0	0	16	288	0	0	3	0	0	0	0	1	0	0	0	2633	1799	0	0	0	157	0	4
input/resources/CodeSystem-BRTipoDocumento.xml	2667	4	0	0	0	0	0	0	0	2	0	0	0	0	0	0	0	0	0	0	0	12	26	0	0	0	0	0	0
input/resources/CodeSystem-BRTipoParticipante.xml	1048	3	0	0	0	0	0	0	0	1	0	0	0	0	0	0	0	0	0	0	0	9	25	0	0	0	1	0	0
input/resources/StructureDefinition-BRAgendamentoRegulacaoAssistencial.xml	25873	6	0	73	0	0	0	1	0	114	0	0	0	0	0	0	0	1	0	0	0	452	1137	0	2	0	12	0	2
input/resources/StructureDefinition-BRIndividuoNaoIdentificado-1.0.json	5135	1	0	9	0	0	0	0	0	10	0	0	0	0	0	0	0	0	0	0	0	74	169	0	0	0	2	0	0
input/resources/StructureDefinition-BRProblemaDiagnostico.json	18011	2	0	92	0	0	0	0	0	30	0	0	1	0	0	0	0	1	0	0	0	283	545	0	0	0	8	1	2
input/resources/StructureDefinition-BRRegulacaoAssistencial.xml	80829	9	0	103	1	0	0	0	0	103	0	0	2	0	0	0	0	1	0	0	0	1216	1478	0	1	0	36	0	5
input/resources/StructureDefinition-BRRequisicaoRegulacaoAssistencial.xml	25321	5	0	29	0	0	0	0	1	35	0	0	0	0	0	0	0	1	0	0	0	406	532	0	1	0	12	0	2
input/resources/ValueSet-BRCID10-1.0.json	655	0	0	0	0	0	0	0	0	26	0	0	0	0	0	0	0	0	0	0	0	9	293	0	0	0	0	0	0
input/resources/ValueSet-BRCaraterAtendimentoMIRA.json	1121	1	0	0	0	0	0	0	0	3	0	0	0	0	0	0	0	0	0	0	0	8	40	0	0	0	0	0	0
input/resources/ValueSet-BRCategoriaCondicao.json	1290	0	0	0	0	0	0	0	0	2	0	0	0	0	0	0	0	0	0	0	0	9	37	0	0	0	1	0	0
input/resources/ValueSet-BREstadoDocumento-1.0.json	1630	0	0	0	0	0	0	0	0	2	0	0	0	0	0	0	0	0	0	0	0	10	39	0	0	0	0	0	0
input/resources/ValueSet-BREstadoResolucaoDiagnosticoProblema-1.0.json	2250	1	0	0	0	0	0	0	0	2	0	0	0	0	0	0	0	0	0	0	0	11	39	0	0	0	0	0	0
input/resources/ValueSet-BRIntencaoRegulacao.json	2931	0	0	0	0	0	0	0	0	2	0	0	0	0	0	0	0	0	0	0	0	13	48	0	0	0	0	0	0
input/resources/ValueSet-BRJustificativaIndividuoNaoIdentificado-1.0.json	973	0	0	0	0	0	0	0	0	1	0	0	0	0	0	0	0	0	0	0	0	8	33	0	0	0	1	0	0
input/resources/ValueSet-BRModalidadeAssistencialMIRA.json	814	0	0	0	0	0	0	0	0	1	0	0	0	0	0	0	0	0	0	0	0	8	33	0	0	0	0	0	0
input/resources/ValueSet-BROcupacao-1.0.json	711	1	0	0	0	0	0	0	0	1	0	0	0	0	0	0	0	0	0	0	0	7	165	0	0	0	0	0	0
input/resources/ValueSet-BRProblemaDiagnostico.json	874	0	0	0	0	0	0	0	0	1	0	0	0	0	0	0	0	0	0	0	0	8	226	0	0	0	0	0	0
input/resources/ValueSet-BRProcedimentosNacionais-1.0.json	986	0	0	0	0	0	0	0	0	1	0	0	0	0	0	0	0	0	0	0	0	8	406	0	0	0	0	0	1
input/resources/ValueSet-BRSexo-1.0.json	1581	0	0	0	0	0	0	0	0	1	0	0	0	0	0	0	0	0	0	0	0	12	36	0	0	0	1	0	0
input/resources/ValueSet-BRStatusAgendamentoRegulacaoAssistencial.json	3298	1	0	0	0	0	0	0	0	2	0	0	0	0	0	0	0	0	0	0	0	15	43	0	0	0	0	0	0
input/resources/ValueSet-BRStatusParticipante.json	1618	0	0	0	0	0	0	0	0	2	0	0	0	0	0	0	0	0	0	0	0	45	35	0	0	0	0	1	0
input/resources/ValueSet-BRStatusRegulacaoAssistencial.json	681	0	0	0	0	0	0	0	0	1	0	0	0	0	0	0	0	0	0	0	0	9	31	0	0	0	0	0	0
input/resources/ValueSet-BRStatusRequisicaoRegulacaoAssistencial.json	2411	0	0	0	0	0	0	0	0	2	0	0	0	0	0	0	0	0	0	0	0	13	37	0	0	0	0	0	0
input/resources/ValueSet-BRTipoDocumento-1.0.json	634	1	0	0	0	0	0	0	0	1	0	0	0	0	0	0	0	0	0	0	0	11	42	0	0	0	1	0	0
input/resources/ValueSet-BRTipoParticipante.json	637	0	0	0	0	0	0	0	0	1	0	0	0	0	0	0	0	0	0	0	0	9	31	0	0	0	0	0	0
/input/includes/menu.xml	1791	-	-	-	0	0	0	0	0	0	0	0	0	0	0	0	0	0	0	0	0	0	1	0	0	0	0	0	0
/input/pagecontent/exemplos.xml	1430	-	-	-	0	0	0	0	0	0	0	0	0	0	0	0	0	0	0	0	0	0	23	0	0	0	0	0	0
/input/pagecontent/index.xml	5014	-	-	-	0	0	0	0	0	0	0	0	0	0	0	0	0	0	0	0	0	0	17	0	0	0	0	0	0
/input/pagecontent/changes.xml	445	-	-	-	0	0	0	0	0	0	0	0	0	0	0	0	0	0	0	0	0	0	15	0	0	0	0	0	0
/input/pagecontent/suporte.xml	771	-	-	-	0	0	0	0	0	0	0	0	0	0	0	0	0	0	0	0	0	0	24	0	0	0	0	0	0
/input/pagecontent/downloads.xml	1298	-	-	-	0	0	0	0	0	0	0	0	0	0	0	0	0	0	0	0	0	0	18	0	0	0	0	0	0
/input/pagecontent/integracao.xml	42835	-	-	-	0	0	0	0	0	0	0	0	0	0	0	0	0	0	0	0	0	0	32	0	0	0	0	0	0
/input/pagecontent/credenciamento.xml	8904	-	-	-	0	0	0	0	0	0	0	0	0	0	0	0	0	0	0	0	0	0	19	0	0	0	0	0	0
/input/pagecontent/mi.xml	20930	-	-	-	0	0	0	0	0	0	0	0	0	0	0	0	0	0	0	0	0	0	19	0	0	0	0	0	0
/input/pagecontent/mc.xml	10543	-	-	-	0	0	0	0	0	0	0	0	0	0	0	0	0	0	0	0	0	0	14	0	0	0	0	0	0
/input/pagecontent/lives.xml	2227	-	-	-	0	0	0	0	0	0	0	0	0	0	0	0	0	0	0	0	0	0	11	0	0	0	0	0	0
/input/pagecontent/abstract.xml	2995	-	-	-	0	0	0	0	0	0	0	0	0	0	0	0	0	0	0	0	0	0	12	0	0	0	0	0	0
/input/pagecontent/forms.xml	967	-	-	-	0	0	0	0	0	0	0	0	0	0	0	0	0	0	0	0	0	0	11	0	0	0	0	0	0
/input/pagecontent	0	-	-	-	0	0	0	0	0	0	0	0	0	0	0	0	0	0	0	0	0	0	0	0	0	0	0	0	0
/template/config	0	-	-	-	0	0	0	0	0	0	0	0	0	0	0	0	0	0	0	0	0	0	0	0	0	0	0	0	0
/template/config/_config.yml	140	-	-	-	0	0	0	0	0	0	0	0	0	0	0	0	0	0	0	0	0	0	0	0	0	0	0	0	0
/input/images	0	-	-	-	0	0	0	0	0	0	0	0	0	0	0	0	0	0	0	0	0	0	0	0	0	0	0	0	0
/input/images/credenciamento.png	132870	-	-	-	0	0	0	0	0	0	0	0	0	0	0	0	0	0	0	0	0	0	0	0	0	0	0	0	0
/input/images/riraMC.png	49821	-	-	-	0	0	0	0	0	0	0	0	0	0	0	0	0	0	0	0	0	0	1	0	0	0	0	0	0
/input/images/envioDocumento.png	140904	-	-	-	0	0	0	0	0	0	0	0	0	0	0	0	0	0	0	0	0	0	0	0	0	0	0	0	0
/input/images/consultaIDRNDS.png	92600	-	-	-	0	0	0	0	0	0	0	0	0	0	0	0	0	0	0	0	0	0	0	0	0	0	0	0	0
/input/images/portalServicos.png	123945	-	-	-	0	0	0	0	0	0	0	0	0	0	0	0	0	0	0	0	0	0	0	0	0	0	0	0	0
/input/images/consultaIDLocal.png	127465	-	-	-	0	0	0	0	0	0	0	0	0	0	0	0	0	0	0	0	0	0	0	0	0	0	0	0	0
/input/images/gerenciadorCredenciais.png	92837	-	-	-	0	0	0	0	0	0	0	0	0	0	0	0	0	0	0	0	0	0	0	0	0	0	0	0	0
/input/images/estabelecimentosFilhos.png	33060	-	-	-	0	0	0	0	0	0	0	0	0	0	0	0	0	0	0	0	0	0	1	0	0	0	0	0	0
/input/images/relacaoStatus.png	164526	-	-	-	0	0	0	0	0	0	0	0	0	0	0	0	0	0	0	0	0	0	0	0	0	0	0	0	0
/input/images/acessoGov.png	615672	-	-	-	0	0	0	0	0	0	0	0	0	0	0	0	0	0	0	0	0	0	0	0	0	0	0	0	0
/temp/pages/_includes/artifacts.xml	216	-	-	-	-	-	-	-	-	-	-	-	-	-	-	-	-	-	-	-	-	-	1	0	0	0	0	0	0
/temp/pages/_includes/fragment-artifacts-table.html	3443	-	-	-	-	-	-	-	-	-	-	-	-	-	-	-	-	-	-	-	-	-	0	0	0	0	0	0	0
