{
  "resourceType" : "ValueSet",
  "id" : "BRJustificativaIndividuoNaoIdentificado-1.0",
  "meta" : {
    "lastUpdated" : "2020-04-07T20:51:20.256+00:00"
  },
  "language" : "pt-BR",
  "text" : {
    "status" : "generated",
    "div" : "<div xmlns=\"http://www.w3.org/1999/xhtml\" xml:lang=\"pt-BR\" lang=\"pt-BR\"><p class=\"res-header-id\"><b>Generated Narrative: ValueSet BRJustificativaIndividuoNaoIdentificado-1.0</b></p><a name=\"BRJustificativaIndividuoNaoIdentificado-1.0\"> </a><a name=\"hcBRJustificativaIndividuoNaoIdentificado-1.0\"> </a><a name=\"BRJustificativaIndividuoNaoIdentificado-1.0-und\"> </a><div style=\"display: inline-block; background-color: #d9e0e7; padding: 6px; margin: 4px; border: 1px solid #8da1b4; border-radius: 5px; line-height: 60%\"><p style=\"margin-bottom: 0px\">Last updated: 2020-04-07 20:51:20+0000; Language: pt-BR</p></div><ul><li>Include all codes defined in <a href=\"CodeSystem-BRJustificativaIndividuoNaoIdentificado.html\"><code>http://www.saude.gov.br/fhir/r4/CodeSystem/BRJustificativaIndividuoNaoIdentificado</code></a></li></ul></div>"
  },
  "extension" : [{
    "url" : "http://hl7.org/fhir/StructureDefinition/structuredefinition-fmm",
    "valueInteger" : 1,
    "_valueInteger" : {
      "extension" : [{
        "url" : "http://hl7.org/fhir/StructureDefinition/structuredefinition-conformance-derivedFrom",
        "valueCanonical" : "http://www.saude.gov.br/fhir/r4/ImplementationGuide/br.gov.saude.rira.fhir"
      }]
    }
  },
  {
    "url" : "http://hl7.org/fhir/StructureDefinition/structuredefinition-standards-status",
    "valueCode" : "informative",
    "_valueCode" : {
      "extension" : [{
        "url" : "http://hl7.org/fhir/StructureDefinition/structuredefinition-conformance-derivedFrom",
        "valueCanonical" : "http://www.saude.gov.br/fhir/r4/ImplementationGuide/br.gov.saude.rira.fhir"
      }]
    }
  }],
  "url" : "http://www.saude.gov.br/fhir/r4/ValueSet/BRJustificativaIndividuoNaoIdentificado-1.0",
  "version" : "1.0.0",
  "name" : "BRJustificativaIndividuoNaoIdentificado",
  "title" : "Justificativa da Impossibilidade de Identificação do Indivíduo",
  "status" : "active",
  "experimental" : false,
  "date" : "2020-04-07T20:51:17.5349531+00:00",
  "publisher" : "Ministério da Saúde do Brasil",
  "contact" : [{
    "name" : "Ministério da Saúde do Brasil",
    "telecom" : [{
      "system" : "url",
      "value" : "http://www.saude.gov.br"
    }]
  }],
  "description" : "Classifica as razões pelo qual não foi possível obter os dados de identificação do indivíduo em um contato assistencial. (Port. nº 84/SAS/MS/1997 e Port. nº02/SAS/SGEP/MS/2012)",
  "jurisdiction" : [{
    "coding" : [{
      "system" : "urn:iso:std:iso:3166",
      "code" : "BR"
    }]
  }],
  "immutable" : false,
  "compose" : {
    "include" : [{
      "system" : "http://www.saude.gov.br/fhir/r4/CodeSystem/BRJustificativaIndividuoNaoIdentificado",
      "version" : "*"
    }]
  }
}